-1.819557049402342086e+00,-1.094720281289395802e-01,1
-6.962029961165236980e-01,1.668782902097017296e+00,2
6.970414535134059619e-01,-8.607324522259235389e-01,3
4.420442796429925325e-01,9.177329690954446617e-01,2
8.027022326644496220e-01,1.411735698157873031e+00,2
-7.263745348534791368e-01,-1.618686913193727372e+00,3
-9.267321291987156151e-01,2.508405667183438159e-01,1
-1.492723805501598333e+00,-1.061510166718299564e+00,1
-7.821881972505708713e-01,-1.605459159828776794e-01,1
-3.296961718542282815e-01,8.389883983863890560e-01,2
1.195595691876670141e+00,-1.314401321547183699e+00,3
5.384342226596020575e-01,-9.307786724198476858e-01,3
7.096374848520294876e-01,1.585335248748596326e+00,2
2.996344184448083148e-01,-6.346804325919630507e-01,3
6.457485689456589073e-01,-1.744887155446933402e+00,3
-1.324312133257614654e+00,1.186779757489112352e+00,1
8.700695916634271221e-01,2.507605619612215259e-02,3
4.517528008757058511e-01,-7.142652322784355245e-01,3
-4.193844375346301723e-01,-8.138199507117320763e-01,0
-8.726897229028076630e-01,-1.441688487571413768e+00,0
-8.520597296300138623e-01,-4.783860055754493024e-01,1
-5.661195577660489420e-01,-4.592795853655890492e-01,0
-9.218263223099494308e-01,4.609708087147523087e-02,1
5.603653450982549744e-01,-7.690843073407046537e-01,3
-1.173024368105874959e+00,-1.318962293789773588e+00,1
1.021885305886685025e+00,-1.370025477938458192e+00,3
-1.416114149134279021e+00,1.267845305199131412e+00,1
5.468862957347189191e-01,-7.205794055373084817e-01,3
7.252281874222729074e-01,4.101797613171490053e-01,0
-6.565661491613419276e-01,3.178833520742529450e-01,1
-1.250579940937029733e+00,-1.067480150512662318e+00,1
4.702072690578314174e-02,9.767870837085003144e-01,2
-6.257619607656134120e-01,-6.621922971551836845e-01,0
-7.869531299909011679e-01,6.257519128854633905e-01,1
-1.445586456590710167e+00,-9.420439339646532462e-01,1
-3.365805446173298354e-01,-8.744325954719023297e-01,0
-1.726633992419520647e+00,6.703993698281025815e-02,1
-1.237872967707120964e-01,-9.903499170897314130e-01,3
-4.459318797694866721e-01,-6.954943862435478685e-01,0
-1.500395766056173974e+00,-9.453469447268475490e-01,1
-1.822027570526757734e-01,8.273985699877534072e-01,2
-1.006212640999412322e+00,2.283946004403998309e-01,1
8.316906703351171215e-01,2.428572910249025829e-02,3
5.952336752342375359e-01,-5.735640013241555257e-01,3
1.491214981174055376e+00,7.603689603148700016e-01,2
7.237674330564198844e-01,-6.839211603792024752e-01,3
-1.479192527331423701e+00,8.350059497128833330e-01,1
-3.217350184555681780e-01,-8.568108598505063123e-01,0
-9.821848462384965561e-01,-1.623828288882522841e+00,0
8.845965054359085089e-01,-2.429982874867845921e-01,3
1.724335413731018063e+00,3.335666565599333944e-01,3
1.178864034805240824e+00,1.358829397459053734e+00,2
-1.650810000314771320e-01,9.411686323675947374e-01,2
4.694058432456032492e-01,-6.436367937279883211e-01,3
2.917273509610021631e-01,-7.516694794394029877e-01,3
-1.119323308550505658e+00,-1.576478649419778000e+00,1
-1.571795371307329825e+00,7.872307750591768238e-01,1
-9.174854489914551214e-01,1.533840897895154098e+00,2
6.573163817322396074e-01,-7.433098711276746595e-01,3
7.042952278422284218e-01,1.608948146083046149e+00,2
-8.178500679167074461e-01,-3.267937416822968566e-01,1
-8.452111333589271691e-01,5.093833473168419834e-01,1
-6.293792175044924386e-01,-6.215637015750004046e-01,0
6.873213447640499352e-01,1.734506276023477955e+00,2
1.067754383770741722e+00,1.547281986722383040e+00,2
-5.177348881598485830e-01,-7.529020124487502130e-01,0
5.409974478467297621e-01,8.313667970697372622e-01,2
-3.372316285639923583e-01,-8.721595598686910922e-01,0
-1.477677350681520396e+00,-9.517268559841781661e-01,1
8.618198276141012526e-01,-1.427168704492841333e-01,3
9.436160573661043216e-01,-3.054200492680246570e-02,3
7.524916163289244730e-01,5.691442015104923868e-01,0
4.465281579137997947e-01,6.900134107738573608e-01,2
1.170429443379563894e+00,-1.337598184561682446e+00,3
7.570350749108000210e-01,-2.234009476483095058e-01,3
7.291136004528464554e-01,-5.830337662973704704e-01,3
3.316373250149920460e-01,-7.905731806595023281e-01,3
5.103184425314375439e-01,7.967707956229534982e-01,2
8.258993125008714520e-01,-1.132501326750713355e-01,3
-1.263826212318149622e+00,-1.056854512102252119e+00,1
1.703923036029049376e+00,-5.710821863156742006e-01,3
1.266767516152977002e+00,1.197153656655407072e+00,2
1.661949199842724934e+00,5.172459718152996322e-01,3
-8.097000414790883616e-01,-3.545562807859631849e-01,1
7.999219222506075422e-01,-4.883124879057647583e-01,3
-8.902341796885904213e-01,-3.751894230151521237e-01,1
-1.731205305954962581e+00,7.574865043375875739e-01,1
3.158160991362349290e-02,1.687371966773753451e+00,2
9.121318561662969948e-01,1.050496832485484505e-01,3
1.333155252941700342e+00,-1.320482476562684138e+00,3
8.122117190129304332e-01,2.173044587365064173e-01,0
9.845522023368422637e-01,1.563032084023970592e-01,3
-1.045957511987466892e+00,-1.316367977844793424e-01,1
-9.391495571525553254e-01,5.311059773779423093e-02,1
-1.664536755041244209e+00,-6.257831350572570228e-01,1
1.481884448636287654e+00,-9.257328290503163970e-01,3
-1.869590940875523466e-01,1.858807205048090605e+00,2
3.222379811968081320e-01,8.515176199129942392e-01,2
3.968148497459590696e-02,8.375914647650888334e-01,2
1.106923928860831685e+00,1.363685370807250719e+00,2
-1.657082459227260385e+00,-4.631970786490962610e-01,1
6.995591272564257723e-01,-1.643957579576777350e+00,3
-1.821737390109988697e+00,-4.612423252964339415e-01,1
9.176734184779151704e-01,2.431218826029345192e-01,0
-8.683537816561694989e-01,-4.958352955386108873e-01,1
-2.623724284458096578e-01,8.530444194187724039e-01,2
2.460567288173611533e-01,6.776838990784027628e-01,2
-8.161436161468292871e-01,1.535875804209899664e+00,2
-9.095125634888175936e-01,-1.885590504761825159e-01,1
1.554621848555635566e+00,-4.933822282795616854e-01,3
-2.619405142843406805e-03,9.610035940053587300e-01,2
1.524495482138272129e+00,1.001607043475466252e+00,2
1.679982232030563294e+00,2.010436740653035181e-01,3
-1.857021034817922356e+00,1.587843396817373298e-01,1
-9.907621864398122868e-01,-1.237470800209343302e+00,1
-1.791391051047812377e+00,-4.120161424554446561e-01,1
7.846927779934413927e-01,1.626918683673449273e+00,2
7.417520054255868356e-01,4.704633174621781766e-01,0
-1.221866955147614675e+00,-1.283850466235413768e+00,1
7.591322004003678847e-01,6.138196720303775722e-01,0
5.114191092795001420e-02,1.747317367757229567e+00,2
-5.883013153700451525e-01,-6.561685790019741171e-01,0
7.080344583838504846e-01,-7.350788429278715119e-01,3
7.856143643461589721e-02,-1.803659254870917161e+00,3
1.618736461764010759e+00,8.900491653480838705e-01,2
7.850562466978354692e-01,-3.014269716354993078e-01,3
-1.732522717623422581e+00,2.683905551673587686e-01,1
-7.698585294973642190e-01,-5.346211308857340416e-02,1
1.628567839104377191e+00,6.528587329556515551e-01,3
7.255681773715638716e-01,3.862959295219369205e-01,0
-6.520260844961647262e-01,1.611659259771390795e+00,2
-4.709949393552461672e-01,-1.524496987198265652e+00,3
1.078752078399104031e+00,-1.438279360173793542e+00,3
-1.620081516511904685e+00,5.426488073820239233e-01,1
-1.922939454604999073e-03,-9.634394564398821581e-01,3
-1.701223302563097950e-01,9.053459819428609778e-01,2
2.986919544241300462e-01,1.973200546046360415e+00,2
9.773615778879717331e-01,-1.066591701017192417e-01,3
-1.089947674013605372e+00,-4.073368463783028082e-02,1
-6.948882459285475877e-01,1.715904083923074808e+00,2
-8.452886738552031209e-01,4.168573247017317573e-01,1
-5.161887044020985194e-01,-1.692529371513393555e+00,3
-1.163152050651583558e+00,1.518539609197271822e+00,2
3.869541731859861555e-02,1.025155197030220844e+00,2
-4.469367710634447599e-01,8.572978149846456342e-01,2
-2.722310057952970763e-01,-1.849929031732807649e+00,3
2.333875319705703000e-01,-7.855735260010873189e-01,3
5.769456684349215658e-01,-1.730323563274636101e+00,3
-6.274879351859137255e-01,-4.409763501720641021e-01,0
-9.790654774815507055e-01,-8.855393934687415258e-02,1
-2.787503482376971764e-01,1.697824022772721264e+00,2
-1.695707375336750866e+00,2.344944803389208687e-01,1
-1.284700356856106840e+00,-1.337979059189884801e+00,1
1.810403539271810136e-01,1.874743573462228197e+00,2
-1.368363247234726021e+00,-1.141906012383108404e+00,1
5.236518021199051409e-01,-8.036984953106496299e-01,3
3.723277908018367555e-01,1.845928214335224915e+00,2
-1.526095706558117104e+00,9.014735431751049743e-01,1
8.495901790001558762e-01,1.522079091139018514e+00,2
9.927784404036603672e-01,1.260203802051931832e-01,3
-1.856900260517029722e+00,-4.445155457887595141e-01,1
2.876872014871743599e-01,-8.342156461768621689e-01,3
-1.522113074662566623e+00,-1.233924114453396559e+00,1
4.043789621843324467e-01,1.737665340554361615e+00,2
-8.080897265259349149e-01,-4.385147136749756314e-01,1
-4.292616426322662937e-01,-8.841633553858071481e-01,0
3.744389402794822130e-01,-8.023549808313624743e-01,3
-8.029510762634449461e-02,-9.168390944356858974e-01,3
4.386102704823208187e-01,-8.262460816583325762e-01,3
-1.370731222819290940e+00,1.183223497292689386e+00,1
1.721672023640312021e+00,-1.859178823859489738e-01,3
8.948636517068920826e-01,-1.487836576859031590e+00,3
1.886003244862647088e-01,8.907325013398531555e-01,2
-1.350732599031750913e+00,1.431844369836904551e+00,1
-4.072392717326855927e-01,8.125170968263171201e-01,2
5.257332627960602522e-01,9.086772729608273425e-01,2
-1.489267347948011189e+00,-8.264472580109343269e-01,1
-4.051735050396008675e-01,-1.726845338575366595e+00,3
-7.050338452252403743e-01,5.043479104305044203e-01,1
1.661459450488130374e+00,4.132086989467805838e-01,3
1.662649769657252585e-01,-8.021634903081070744e-01,3
1.037306538226712149e+00,-1.333802884432584657e+00,3
-1.664848503746036767e+00,-4.968584029518883782e-01,1
1.777346220011810363e-01,-1.864651342068745388e+00,3
7.983061151889113694e-01,2.856510278182857188e-01,0
1.468487418415242551e+00,-8.727789106981980183e-01,3
7.465892182897146956e-01,-6.462103013801372420e-01,3
-1.057171440471923324e-01,8.682593500966774291e-01,2
5.341017911006280539e-01,5.783664160021115830e-01,0
-5.346503640622929376e-01,-5.148351933757395749e-01,0
-4.028084109132034629e-01,-1.649403553222853702e+00,3
-2.244732237078913839e-01,1.689930546812627998e+00,2
1.876870685271274430e+00,1.507007818753871090e-02,3
-7.850971812844550479e-01,1.578977214289730036e+00,2
-9.995389968630318256e-01,2.233541879848280343e-01,1
-4.657725001565960476e-01,-1.710079808539683777e+00,3
-4.520295278562797003e-01,-6.770597342078833458e-01,0
-4.257636907174871532e-01,-1.700924523987908277e+00,3
3.748969768050990914e-01,-7.720172597964120031e-01,3
-1.830203563711658155e-01,7.939186777669146045e-01,2
-2.346718493518744619e-01,1.864188564886943178e+00,2
1.761780482388190627e+00,-2.319925035128768409e-01,3
-5.885561049674188361e-01,4.102417271508528307e-01,1
-1.368266810578728121e+00,1.193877928795328724e+00,1
-7.530683699730783554e-02,9.143886385853895460e-01,2
-2.875371179242952602e-01,-7.909692435924711162e-01,0
9.323454937345424520e-01,1.443642748575872936e+00,2
2.761811957914933613e-01,-9.100041444674537017e-01,3
4.091263492347587127e-01,6.850389357577130189e-01,2
5.339857444686331167e-01,-6.581227656066220844e-01,3
8.039601989504424617e-01,-1.460489123271203171e+00,3
5.247466919704146804e-01,-5.323023267500204270e-01,3
4.353635029369550269e-01,-8.184293996959742801e-01,3
-6.231175918131877101e-01,7.786429674613031260e-01,2
-1.835123358697589246e+00,1.563381044654900687e-01,1
-7.123767274870425048e-01,-5.980984535529126900e-01,0
-5.008051847765381259e-01,8.366596142486505405e-01,2
1.156258584761231889e+00,-1.373661818596281226e+00,3
1.000542755474934209e+00,-1.432531990366841645e+00,3
8.641733059899967540e-01,-3.275303119617223313e-01,3
-8.489549629253118068e-01,-3.840569048570127153e-01,1
-1.822710818916480457e+00,3.577159606610198495e-01,1
-3.611100260334166312e-01,-9.718894278702280287e-01,0
-1.785208485145829638e+00,6.559392110102997275e-01,1
1.550568448106123931e+00,8.239031638763247845e-01,2
-5.787348741905736782e-01,9.113303478727134976e-01,2
-1.747005487233734167e+00,-4.177453654133436722e-01,1
7.461917654367943298e-01,4.418373762823579742e-01,0
2.786945203950009220e-01,-9.251607791987066509e-01,3
4.596194420925309165e-01,1.605554754188248223e+00,2
7.567045827318152895e-01,3.145566172711168340e-01,0
-9.743954540694148569e-01,3.960101467230396632e-02,1
-2.404603847574938169e-01,9.181173906216080205e-01,2
-8.342800632376072834e-01,-2.587060929014465827e-01,1
-2.093580236065220590e-01,-8.954439389015168560e-01,0
4.509356774774418986e-01,6.563097042921823832e-01,2
-9.125235594625104030e-01,1.632940876919985129e+00,2
1.768007397386973434e+00,-4.236669537967426846e-01,3
-1.737563414533142447e+00,1.151175386913578791e-01,1
1.860638364669296774e+00,4.823835819646270923e-02,3
5.267855616734613555e-01,8.359672296719207196e-01,2
-1.770502328571521788e+00,6.282406345808005943e-01,1
-1.033309912473231007e+00,7.997120723733516789e-02,1
1.816258060390169571e-01,1.769756198259969437e+00,2
2.517652307835789860e-01,8.840150872987250219e-01,2
1.660217033107953100e+00,7.086770795465504591e-01,3
-1.659377062954541238e+00,-5.173078679256267742e-01,1
4.705989015271738046e-02,1.786890661900901289e+00,2
1.001732436337289478e+00,1.354181128866598582e+00,2
-7.011657031007501040e-01,-1.596821153811575300e+00,3
-1.595963305365763585e+00,-3.963262453898428461e-01,1
6.189256151343494050e-01,-1.714159928129563415e+00,3
1.368867938389253913e+00,-1.211773459161404665e+00,3
8.877807204021859189e-01,-2.758583652528812102e-01,3
-7.930648842268632759e-01,3.330609529273906300e-01,1
-8.069053702360687308e-02,1.886223388129210976e+00,2
7.513112404757292806e-01,-6.791530883373213534e-01,3
-1.786705522363921106e-01,1.671372319409027085e+00,2
6.911270080399172233e-01,-1.627506260792590087e+00,3
4.696971770544187963e-02,7.984446785208849651e-01,2
3.036681331920240146e-01,-1.748016751207107422e+00,3
-7.571082584063821841e-01,-1.512640158362201781e-01,1
-1.314612574746482743e+00,1.240072783676585022e+00,1
-3.068801612647603649e-01,-1.594053147775852608e+00,3
-1.724150266821839139e+00,4.804651308570376811e-01,1
6.583066041134935098e-01,-6.264107907459337543e-01,3
-1.498000610941186972e+00,-1.031577454655771886e+00,1
-6.539429581003984859e-01,4.648791966872141690e-01,1
3.051439493142790726e-01,-7.355702191531221512e-01,3
8.205063782141021056e-01,4.357471882447671585e-01,0
1.585839344098866899e-01,-1.631455524902870158e+00,3
-1.208013672735184008e+00,1.305020141523936195e+00,1
-4.457461662737797758e-01,9.153375494832776127e-01,2
-6.944088297713895130e-01,-1.616392399737154983e+00,3
-5.941251753481104902e-01,7.650876357665818972e-01,2
7.417541797594717767e-01,4.600831250141177442e-01,0
-8.436806696292999952e-01,-2.751417383789401400e-02,1
-1.001016315472952778e+00,-1.343039003772204983e-02,1
1.529066011786910151e+00,-8.757914563646089778e-01,3
-9.077703124817415592e-01,1.351698358181722681e-01,1
1.487342642481230381e+00,-8.964053084318401865e-01,3
-1.451103139905673745e+00,1.166905826159296611e+00,1
2.673103271360384725e-01,1.671811096310938050e+00,2
1.243172048368472282e+00,-1.261669744508219670e+00,3
-1.795462096168883415e+00,1.617570564559236979e-01,1
5.314729828899136255e-01,-6.996626201180619065e-01,3
-1.159583392870521923e+00,-1.270634895216710136e+00,1
7.244099463014674889e-01,3.481158277936962087e-01,0
1.785190608140871660e-01,-1.881737252876148681e+00,3
4.317248439952007244e-01,-1.741049462622955346e+00,3
-1.628837489515064352e+00,7.738518843010960824e-01,1
3.701589517777161276e-01,-7.737528037171790274e-01,3
-9.406135446386324483e-01,-8.818788396370334792e-02,1
7.287266176549450636e-01,-4.231476043507673701e-01,3
1.588617848542431599e+00,9.201298631444737586e-01,2
9.274601122629738681e-01,2.400682636544115289e-01,0
-1.605299954521876682e+00,4.211507888018332230e-02,1
-7.493969908095549082e-01,1.448223225270218739e-01,1
1.033489124531143721e+00,-1.565844571360122561e+00,3
1.464526455676687711e+00,-6.557933883754861748e-01,3
-7.900008189802341096e-01,5.175581759647950308e-01,1
-6.159252073690051343e-01,1.806531258970870857e+00,2
-1.846179775560245151e+00,3.600489198176041739e-01,1
8.464328251774729805e-01,-2.541164723965442240e-01,3
1.391241504210182001e+00,-1.204784527407663175e+00,3
-1.265418665989126668e+00,1.204643221518598706e+00,1
-6.458953843982680187e-02,9.039492484104754144e-01,2
-5.341208128210888084e-01,-1.866724802129935856e+00,3
-1.087792206266628536e+00,1.587193373586161416e+00,2
-9.771270986183806517e-01,-1.477574463826178297e+00,0
9.274514732303041908e-01,1.395675988661881473e+00,2
-7.621265764533666776e-01,1.831665757931191685e+00,2
-3.485868704449195943e-01,1.855340299592584952e+00,2
-1.593138447740612085e+00,5.168120347116116342e-01,1
1.814006920351804997e+00,7.370222453621571024e-01,3
-7.236354737023713568e-01,2.133436756177798099e-01,1
7.971217140111497290e-01,-1.466244504137404370e+00,3
2.012310444177946578e-01,9.267295250878729851e-01,2
-7.731544939707136743e-01,-1.663838572340579303e+00,3
-5.314650615848197646e-01,-6.803673996061806450e-01,0
1.380239249253242484e+00,1.021537041638365340e+00,2
1.675942358032778357e+00,-4.776575732864242196e-01,3
-1.597620571176347815e+00,-2.301493544489945364e-01,1
3.900806115053649936e-01,-1.798842460634865192e+00,3
-9.222055062078112764e-01,-1.437654399127624716e+00,0
-1.385969119765680269e+00,1.005739388377068000e+00,1
-7.539473006189276183e-02,-7.232488247979499407e-01,0
-9.653844549975844069e-01,-2.595606893306583451e-01,1
-5.029728434463154318e-01,4.552653870470116937e-01,1
-8.687742170447632084e-01,1.721027894615036358e+00,2
-4.010882124065428544e-01,1.761331687613510999e+00,2
-1.691534746250688226e+00,-2.996278208887664385e-01,1
5.133487212942773326e-01,-6.670717235082064267e-01,3
1.624499566196491385e+00,5.426462330900497788e-01,3
4.997993239903442131e-01,-8.455156888097151713e-01,3
9.692910599254800363e-01,1.774121785262101902e-01,3
1.843305965185185746e+00,2.878865840576845803e-01,3
3.182473207357668088e-02,-1.808991862638549275e+00,3
-1.722315153441879909e+00,-4.399434809094400212e-01,1
8.978728228080689044e-01,-4.194965451165399983e-01,3
-1.728003921877773186e+00,-6.042087134933653569e-01,1
-6.327865573866227056e-01,3.686750996513524781e-01,1
-1.204036356296013466e+00,-1.226504559870936539e+00,1
2.649183358961497703e-01,1.753133036181665938e+00,2
1.190980558615332280e-01,9.181481486978708695e-01,2
-7.180333928418193290e-01,-6.005872919105351704e-01,0
-5.284765417208756588e-01,6.834694736849014074e-01,2
-1.568311756657566836e+00,-8.603767106576368784e-01,1
1.781683304905044674e+00,-1.913463314426580020e-01,3
7.695936603495974193e-01,4.511808802723333289e-01,0
-2.240807236669827840e-01,8.561622829824541148e-01,2
1.102418047782908417e+00,-1.641577008613356314e+00,3
1.718670715730570286e+00,-5.094698850176689886e-01,3
1.583498586265177144e+00,-6.126896919119766416e-01,3
-4.320375836976689810e-01,-7.950277350951533428e-01,0
-1.550163852097393935e+00,1.030328234255416087e+00,1
-2.433708854538006033e-02,1.789319746601980787e+00,2
-1.982424432191021990e-01,8.066927564762719216e-01,2
-6.059403426860109354e-01,1.746911940391891571e+00,2
-1.831146566035439571e+00,5.861716374946312168e-03,1
1.477881178640549464e+00,-7.598035843858153005e-01,3
-9.056339670960906751e-01,1.898669386958886374e-01,1
1.345641637940778290e+00,-1.224904360235365752e+00,3
-1.527727127581909761e+00,1.123258021060238976e+00,1
1.772124148587152836e+00,-1.886887522400924611e-01,3
7.194392878761828036e-02,8.169186184088166325e-01,2
1.840976242018732778e+00,-8.088673306615955239e-02,3
-1.152788645459706940e-01,-1.811984245477135103e+00,3
-4.053033417370109914e-01,-7.432819710223804721e-01,0
3.819678425757229712e-01,-1.934440621962311813e+00,3
7.899757735802341585e-02,8.607410598082194664e-01,2
-7.399949882296712467e-01,-2.500558477895784559e-01,1
1.446401407047463117e+00,1.109065318201150285e+00,2
-9.394692277292156224e-02,1.001022299546734384e+00,2
-1.773121083052375591e+00,-1.853341164539940300e-01,1
3.248997376334251119e-01,-9.065653329374637748e-01,3
-1.565890072357973006e-01,1.853675184221640571e+00,2
6.085011661576575914e-01,-5.306414362160518650e-01,3
3.675493833557736539e-02,9.501407509981659727e-01,2
-4.377593681311488516e-01,8.700626616907459754e-01,2
-6.498505010202811905e-01,-5.474216144741570478e-01,0
6.056811377186007705e-01,-1.577946671104431875e+00,3
1.480792651386320380e-01,-1.050222223142800893e+00,3
-1.869254582654100938e+00,-3.156510612791940673e-02,1
-6.694868429657184761e-01,1.572271249563901740e+00,2
1.753075829855494483e+00,1.210422749156969818e-01,3
-1.090859382422454810e-01,-9.155986127438098254e-01,3
-1.661759071707802127e+00,-8.269044439882068387e-01,1
-1.719106312206524434e+00,6.833723827707040011e-01,1
-7.794937899551439564e-01,1.484436163167048017e-01,1
-1.711450477393466452e+00,6.557093915072235990e-02,1
-4.763103271766403468e-01,1.579226026460954779e+00,2
8.944765119338576875e-01,-3.113193879039276024e-01,3
-7.111545319172751789e-01,-7.396717256062533830e-01,0
1.832148767186616012e-01,-7.211767382663745174e-01,3
5.538336238562813207e-02,1.830761804298297157e+00,2
1.841083734203391220e+00,-4.433239257132740030e-01,3
1.736299755654656884e+00,4.467641214329013954e-01,3
-7.379147112865173108e-01,-5.230059309035713921e-01,1
8.750679776621720363e-01,-1.528817359787458585e+00,3
-2.995131198322062982e-01,8.679139377864253380e-01,2
1.078889310508246435e+00,1.099487567417432032e-01,3
6.547429111234785992e-01,5.809833622683070464e-01,0
1.694025794575307664e+00,3.830419613005547341e-01,3
9.232364287703022088e-01,-6.570981151978237678e-02,3
-1.574364440582026958e+00,8.465842421024012410e-01,1
4.630667338273799505e-01,6.220287345355298703e-01,2
-4.343570584227988696e-01,7.381945936029518096e-01,2
-6.762530185398799576e-01,5.738125818856758542e-01,1
1.547995236556838350e-01,8.683712849359986885e-01,2
-3.445050698668735145e-01,9.947864994525368321e-01,2
-1.579192591195768269e+00,-5.610379429097045456e-01,1
5.447860653750243864e-01,6.674805515329933492e-01,2
6.376313899021264220e-01,5.618387882236145492e-01,0
9.857246470238456570e-01,-6.258096764548835844e-02,3
1.441492184560192458e-01,-8.971997295316910259e-01,3
1.413330476880302333e+00,1.220578673262987746e+00,2
-7.341651826059251984e-02,-8.518204921675310848e-01,0
-7.631634025467521898e-01,-3.737070640327240789e-01,1
-9.836180792109604221e-02,-1.809250628225341551e+00,3
-8.140040885392882952e-01,-3.914513260000666572e-01,1
1.270105339488801777e-01,-9.519220314388446846e-01,3
1.212883584625533917e+00,-1.140497064755004342e+00,3
1.658326388012116570e-01,8.763139267538488930e-01,2
-8.575656715848456457e-01,8.119813932022613701e-01,1
1.461808193833338043e+00,-1.207793549939379485e+00,3
1.818889659678081916e+00,-1.215475425895625461e-01,3
-4.438878117974989421e-03,-1.899034492421496800e+00,3
1.527044283151809401e+00,9.681658524609040306e-01,2
3.944659536588581705e-01,-1.789820753517784135e+00,3
-5.355642237926510063e-01,1.744149281114229399e+00,2
1.726016070888108267e+00,-8.050360224580617174e-01,3
1.350212287805495848e+00,9.123872901100580357e-01,2
7.736640066528331916e-01,3.360080691610817238e-01,0
8.295115256823651917e-01,-3.994292147676623550e-01,3
-1.026993903127929153e+00,1.266702747183114930e+00,2
1.567116334267138589e+00,-7.448308721586139880e-01,3
1.675967694508077477e+00,6.839246973016673836e-01,3
2.584441752545946214e-01,-9.635837038793415577e-01,3
2.142868563791389958e-01,-1.709568927724261833e+00,3
5.922337774456780668e-01,5.068010470691861613e-01,0
-5.604504956780057556e-01,7.426455741365624030e-01,2
1.586444499851174639e+00,-2.712077694266115668e-01,3
5.756728088501911200e-01,8.052409919623350065e-01,2
1.579440182778269586e+00,1.026743661003415742e+00,2
-4.313803827058023677e-01,1.650845482836569289e+00,2
-9.163924839186621263e-01,2.225040144778274998e-01,1
-2.097261094197527820e-02,9.161018922529037267e-01,2
7.963258748491492955e-01,-5.586889629981676153e-01,3
-5.968399857129296215e-01,-7.076174640116063008e-01,0
9.236153439160624257e-02,-1.780524460429040889e+00,3
8.327215803520413573e-01,1.450351806761221551e+00,2
-2.562028804667268456e-01,9.491433660196122446e-01,2
1.687753674329475650e+00,3.021498945967498462e-01,3
2.377941696352756651e-01,9.538985772985965061e-01,2
-1.570624667365768001e+00,-9.449134213249370529e-01,1
1.771090821116801939e+00,2.775629836172420206e-01,3
-1.019803634260225689e+00,7.064741810036993808e-02,1
-3.409529551982291573e-01,8.179832956013003420e-01,2
8.896190901342153623e-01,-1.460763765790633162e+00,3
-2.798980232541291580e-01,-7.898331702463057269e-01,0
1.641100652998786824e+00,-1.062684813417543728e+00,3
6.231747665536666730e-02,1.001474342845643628e+00,2
1.283275933889559850e+00,1.396830699474858495e+00,2
9.946386849875075986e-02,-1.760329466394881859e+00,3
-1.862058554209364003e-01,-8.254084295046466568e-01,0
-6.946934977847617487e-01,-4.419396855233470589e-01,0
-1.230237776956166096e+00,1.437277323279426477e+00,1
-2.781976720234855538e-01,-9.776247799886816914e-01,0
7.933487698471229921e-01,-3.820572993696942365e-01,3
2.732559951934740994e-01,7.926137775409306530e-01,2
7.909893272238615047e-01,-5.567634889488277672e-01,3
1.500013540210459739e+00,8.063952610923638131e-01,2
-2.831348011476928495e-01,-6.201070768655467802e-01,0
-1.528840295881292999e+00,5.273612145857812239e-01,1
-8.496630203464193842e-01,1.640551188802295279e-01,1
5.291857998753491943e-01,1.786774571420256086e+00,2
-8.122559991480765573e-01,3.523868222754642510e-01,1
1.642379995695867345e+00,5.285482501368143904e-01,3
-9.053269298938507736e-01,-4.827181144830994808e-01,1
-1.858348462208897933e+00,-1.252471915571203853e-01,1
1.604253138236582110e+00,8.812554497386505536e-01,2
6.501842137956730383e-01,5.007674210292200057e-01,0
-1.529555297555248217e+00,6.857005213338062122e-01,1
-8.180564428812997502e-01,2.211364650539995313e-01,1
7.253885250562673859e-01,-5.298502660871704517e-01,3
-1.583856227155030938e+00,3.856728376181819407e-01,1
-6.414806113169734259e-01,7.509514342160614753e-01,1
-1.356992838112119681e+00,1.277690459950200585e+00,1
-1.950294366421655434e+00,-8.259796840718269806e-02,1
-1.305641666080249674e+00,1.459221554575444113e+00,1
1.633644609782509471e+00,-5.573984457885869936e-01,3
-1.721674874836833347e+00,-2.204843154952136342e-01,1
-9.493265235159910054e-01,-1.612547824194624058e+00,0
-1.005541395450051834e+00,1.590193793070330042e+00,2
1.123118817766227684e+00,1.594792534995915556e+00,2
-3.726564102448374216e-01,-8.291627606962158614e-01,0
-1.315947948999727002e+00,-1.351481763592084162e+00,1
-5.621388345709121825e-01,-5.035615457688463747e-01,0
8.441478808763911434e-01,-1.576139164012188232e+00,3
-2.826051324128166509e-01,1.560457720121669167e+00,2
-3.294986175671111295e-01,-8.863723486705609167e-01,0
9.882058572074660097e-01,-1.688707627387688870e-01,3
3.597032163662299831e-01,-8.444635805003871676e-01,3
4.927717345414219796e-01,7.421017537396559227e-01,2
-6.346254675135157841e-01,6.443722687477703159e-01,1
-7.962149893490053643e-01,-2.191656474337248806e-01,1
-8.845626758623854613e-01,3.877065946448652323e-01,1
-1.654873339160410350e-01,1.016493515188286789e+00,2
1.364719986204580848e-01,-9.335124569952577556e-01,3
-1.222469391993078469e+00,-1.334760965118771292e+00,1
1.603150025156026448e+00,1.390236255066748805e-01,3
-7.001463587622401841e-01,3.990086221438471914e-01,1
4.240499993575031490e-01,-1.692466588231031022e+00,3
1.181234223414107776e+00,-1.284543377909393103e+00,3
3.062025726373929224e-01,8.008114863049946575e-01,2
-8.830940170394298017e-01,1.622448146537185387e-01,1
3.933356420949002397e-02,1.746447649741734054e+00,2
-8.247492245208899453e-01,1.487530824083143743e+00,2
-1.607905504688543763e+00,-6.395114766185566735e-01,1
-4.513641231445021940e-01,1.876435037931055705e+00,2
1.649952686761430032e+00,7.454579699203144338e-01,3
3.588386725138267286e-01,7.110124210091588459e-01,2
1.094544182869914728e+00,-1.435620322857627862e+00,3
-9.006454179351498501e-01,-1.448590373495541872e+00,0
1.746990293988717413e+00,-7.057667429413783111e-01,3
-6.661487800328648179e-01,5.529084956337558809e-01,1
1.593459543898670727e+00,-6.083834569516419766e-01,3
-5.700354255915046631e-01,-6.462189171322078041e-01,0
3.825986310898685794e-01,1.654969587536793352e+00,2
-1.432842572151688421e+00,-1.104691483452735046e+00,1
1.230566085326412762e-01,7.721700397963082718e-01,2
-3.841618360674315391e-01,-7.009299745564141482e-01,0
4.549898778305695446e-01,-8.925758998482333784e-01,3
7.954553180614849506e-01,-6.464149312545049153e-02,3
5.164249388382302630e-01,-1.673152234562358398e+00,3
1.629291424247599762e+00,-7.861171629168069996e-01,3
1.533258973602159791e+00,-1.046673015772292326e+00,3
-4.346763013938104159e-01,7.061541578636137961e-01,2
-1.345202548807254539e+00,-1.015726298723850007e+00,1
-6.670470302939142115e-01,-7.200644072931238204e-01,0
-4.885672778928964455e-01,-7.096734616261030082e-01,0
-9.401403570751795669e-02,8.991229234857063268e-01,2
5.574208100040457803e-02,-7.383584657934720852e-01,3
1.349804061747721384e+00,-1.211784332197080483e+00,3
-1.519060928723695358e+00,9.782506962688860552e-01,1
-7.351952221272579635e-01,-1.771793297650941401e+00,3
9.869464464273621784e-01,1.482598221464405563e+00,2
1.902467739312851069e+00,2.883773916871293017e-02,3
-9.393953554603092782e-01,1.122403020441939923e-02,1
4.960228327870493809e-02,-7.157735560530341656e-01,0
7.662380086436865190e-01,-4.954008138188985555e-01,3
7.075294096304041158e-01,-5.752149197811867731e-01,3
8.432485756350375228e-01,3.709690913726457207e-01,0
-7.815647634287177237e-01,1.723393812125282865e-01,1
-1.840870321799560561e+00,-3.369869697490496807e-01,1
8.284293864376022221e-01,-4.855911455949257216e-01,3
2.234252932382714274e-01,6.847667107282721100e-01,2
-6.946051787583018555e-01,5.879916483890292728e-02,1
-3.600835046289528885e-01,-8.701076343314341210e-01,0
1.147711351615783082e+00,1.498514904226704303e+00,2
-6.584338226318610376e-02,-1.790675900477907367e+00,3
5.666052343523201307e-01,1.629630375987450641e+00,2
4.922780393868442794e-01,7.994562590775461386e-01,2
7.608350300245249054e-01,-2.473059054433002502e-01,3
-8.668790629165238348e-01,-1.533858430097739811e-01,1
-7.002041188262416727e-01,8.760498864318063683e-01,2
1.566735002423812695e+00,1.043703928064244835e+00,2
1.003051538424931222e+00,-2.356278664391078526e-01,3
-1.810558392819598406e-01,-8.472237306261175549e-01,0
-5.857312706043317219e-01,1.521411592989200479e+00,2
3.717122809234360559e-02,-8.598719407729913389e-01,3
-6.030214256897280245e-02,-7.811838009692423368e-01,0
1.718089898879667121e+00,-1.634587508861153893e-01,3
1.784807827224303978e+00,1.701886158021791717e-01,3
-8.515143893374291229e-02,-9.787977278413160231e-01,3
-5.933779443276061549e-01,3.294119033346765146e-01,1
-3.322393095981518996e-01,-8.798329825510935454e-01,0
1.346237625777013447e+00,1.249475621155257565e+00,2
-4.744918525854137648e-01,-1.674908614543200613e+00,3
-6.869159529640239681e-01,-4.515796731525202334e-01,0
6.562627781455258047e-01,-5.833107826350517611e-01,3
1.430785200528297052e+00,-9.123977207849690574e-01,3
4.984724812793443482e-01,7.384953967156170362e-01,2
1.231717563286364836e+00,1.246620589692879921e+00,2
-1.555704964103480803e+00,-9.531745277821345175e-01,1
7.720501797076601003e-01,1.546472876625293980e+00,2
-7.217407642268076629e-01,3.869267123468329572e-01,1
8.437049853067992711e-01,3.003251215911274530e-01,0
-6.116614137922506966e-01,-7.211715986332017936e-01,0
1.607284897788874733e+00,-7.441905962648316386e-01,3
1.514533685596932022e+00,7.404046158177830517e-01,3
-1.640603477946075861e+00,-4.924307310543681315e-01,1
1.492859803024079390e+00,-1.075599505688042079e+00,3
2.422608543478889376e-01,-1.611656912320064361e+00,3
-5.062427594555047872e-01,5.633853371594641501e-01,1
-4.811798642056845932e-01,-1.779420154944277188e+00,3
5.814028943324973664e-01,6.569405440090402282e-01,2
1.714847221326286711e-02,-1.733418336892375455e+00,3
-3.493078223307222729e-01,8.075536248093695413e-01,2
3.470548013551786326e-01,-7.586324210332461293e-01,3
1.428496323244041966e+00,1.064078939600991980e+00,2
-1.533655538060962220e+00,-7.765012624532845464e-01,1
-5.944193848439618399e-01,-1.690472787444474934e+00,3
6.978485691430306170e-01,-3.531366461363079634e-01,3
-1.299828865647099763e+00,1.416480719712196024e+00,1
-9.304872041313636544e-01,-1.430537804432903570e+00,0
7.205572847408553416e-01,6.703034083146547362e-01,2
3.483470449421978143e-01,-8.235691919300980324e-01,3
1.671016891204144317e+00,1.009280293751775526e+00,2
4.095970765762204507e-02,-7.107357800925488966e-01,0
1.412253786331093108e+00,1.158839797857575071e+00,2
8.671725480973938582e-01,3.381260129156561933e-01,0
-1.129781191360402115e+00,1.269804815684686394e+00,1
-9.443307271564146399e-01,-2.619067642784204258e-02,1
-1.333666445598115535e+00,1.223627467426637194e+00,1
9.263060380808979533e-02,-1.055331320005019835e+00,3
-1.851946503297267954e+00,5.209926944313716390e-01,1
8.338467841469283659e-01,-2.459964648576917212e-01,3
-1.517092205337949418e+00,5.508174827596964418e-01,1
-6.804703310048337839e-01,6.776001975027724500e-01,1
1.968781110274146373e+00,1.667559043352317139e-01,3
-1.423305563983682687e+00,1.101957128224811733e+00,1
-6.759805617503510389e-01,-5.499013804026414709e-01,0
1.467626496297718686e-01,9.399633302215324449e-01,2
-3.008025179558549977e-01,-1.824974943016774986e+00,3
4.365226313072504416e-01,8.657744112577092643e-01,2
8.008253197589093597e-01,-1.322154098190114757e-02,3
-4.434504470056501724e-01,6.356634240122934765e-01,2
2.553497237149967014e-01,8.809836757822836484e-01,2
-3.579001735720964694e-01,-8.153434747971944896e-01,0
6.290849225176039505e-01,-4.892877572327868907e-01,3
1.927922573801766903e+00,-1.566874554821502397e-01,3
8.908492904387593780e-02,-1.691011756656110920e+00,3
3.069890405372597275e-01,1.741706447331583529e+00,2
-7.726611813089515612e-01,-1.490566763848114151e+00,0
1.347975343165283668e+00,-1.018905522184300638e+00,3
-7.402137927607471690e-01,6.778519009337211632e-01,1
2.236781101904278535e-01,7.230172348480086164e-01,2
-7.372320331669238724e-01,-1.686357172511673275e-01,1
7.651654152304215861e-01,1.648467404015920401e+00,2
8.139650126390817197e-01,1.573207375104274774e+00,2
9.403770824783023174e-01,1.630764223496868226e+00,2
1.689353516908670638e+00,9.748481526580010659e-02,3
-9.587701370344227092e-01,-1.335780554519768071e+00,0
1.642453771714980304e+00,6.208585870363045878e-01,3
2.877094036942427491e-01,-8.864667097241816229e-01,3
1.501235321537393919e+00,-1.043647960665890162e+00,3
9.114022462185175089e-01,2.552824729416934904e-02,3
-4.500743096707088275e-01,1.730159975645220838e+00,2
-1.648967034960322486e+00,-7.405004661752013773e-01,1
1.265421859511521863e+00,1.330751699570151603e+00,2
2.046002448578660149e-01,1.678280570363435587e+00,2
3.065865599065006331e-01,-9.632091839967171776e-01,3
7.873812898578289587e-01,-8.753780844851986875e-02,3
-1.071780781674298577e+00,-1.220203083448817782e+00,1
5.888711129762599361e-01,-4.727913080828384795e-01,3
4.814439916782728424e-01,8.218907106255678441e-01,2
-8.343934430627161225e-01,-2.415087999251814277e-01,1
-8.402823702249558879e-01,1.661215217239502551e-01,1
8.744462379087157844e-01,-1.648042932107407932e+00,3
4.973354034822761172e-01,-6.407355729496575503e-01,3
-1.334878444310477308e+00,-1.182107072125285763e+00,1
-6.763963854024249156e-02,-1.740544103159248790e+00,3
6.091819483688647452e-01,-4.837945275735014428e-01,3
-7.322265270521713942e-01,-5.498589280569499138e-01,0
9.249232243000874432e-01,1.404679654126210542e+00,2
-4.135572212437439998e-01,-1.629993894310040714e+00,3
-1.081020328197574321e+00,1.235208031799656325e+00,1
-6.775515409810163314e-01,1.807972594260683685e+00,2
-1.365024283618737622e+00,-1.257920045012517862e+00,1
9.426861363526552184e-02,-1.734131848812163756e+00,3
-8.492129468715678975e-01,-2.698513457873382704e-01,1
3.503964653760733849e-01,-1.796003431147825014e+00,3
4.257249727704490172e-01,1.790044936397635178e+00,2
-8.529846887494427765e-01,-1.111016054262026764e-01,1
6.812493504859533644e-01,4.720342363197438940e-01,0
6.199359527757117849e-01,1.657500004235254343e+00,2
9.628829951382594787e-01,-1.512732912806424412e+00,3
5.181684824064572981e-01,1.757238483700040099e+00,2
7.801436766071272177e-02,-9.644839685052332134e-01,3
5.546720167320392525e-01,5.510813829799712238e-01,0
-4.711058750004906148e-01,8.047940040007778295e-01,2
9.283881120049081170e-01,1.530561089188536561e-01,3
4.620601340620719699e-01,-6.553211688600554252e-01,3
1.401210135474024732e+00,-1.036878838679991643e+00,3
9.419000090512715806e-01,-2.569687293535256600e-01,3
8.800226376411767193e-01,-1.445755066675304956e-01,3
5.194493417559020720e-01,8.298138098800155182e-01,2
-1.733689548467517438e+00,8.087621009082204826e-02,1
6.543511790673149919e-01,8.445721503489347359e-01,2
1.525887310367212590e+00,-4.214363930136152403e-01,3
7.196507832721623643e-01,-1.652175791448975417e+00,3
9.229947441263094410e-01,-1.972536932048454261e-01,3
4.787918723135832777e-01,7.033395894137179916e-01,2
-6.191683972951046444e-01,-6.278088128996692774e-01,0
-7.696685114163631658e-01,-6.362549554800984719e-01,1
1.808528512014504708e+00,4.034726316726550827e-02,3
4.006390851582263268e-01,1.693227740420752525e+00,2
8.237717945525402374e-01,-5.780129548921971727e-01,3
-4.356787742613342229e-01,7.165375777252765976e-01,2
1.195562665777654798e+00,-1.268509923929466154e+00,3
-5.040126426058413323e-01,7.078568162465105340e-01,2
-6.680336189724050966e-01,-5.926578579154649917e-01,0
1.475648790979499081e+00,-7.325516410489553154e-01,3
9.920842371009633842e-01,-2.409913999285031583e-01,3
-6.825817059043345347e-01,5.606563043553572934e-01,1
1.686633555933315654e+00,-6.083830123685118885e-01,3
3.938191705281281485e-01,7.677880382087950428e-01,2
-1.679906860127155177e+00,5.421301688738183744e-01,1
-1.855974387627848499e+00,-1.060094975204639023e-01,1
1.730708928066524654e+00,7.271513547751882189e-01,3
1.621080462583207371e+00,4.165254842436477700e-01,3
1.869156334012407883e-01,-8.398938336704857566e-01,3
6.564795876492658389e-01,3.461782459990687122e-01,0
9.270434544838846991e-01,8.445981364304495920e-02,3
8.272035655286166245e-01,-1.518800774282527799e+00,3
-7.092864509252557736e-01,-1.576481367303767256e-01,1
8.570208421698769508e-01,-2.670922268551923495e-01,3
8.543285257000901023e-01,-1.587098021966751649e+00,3
-8.332272183356368433e-01,4.191406415788083706e-01,1
1.749999675894385875e+00,2.136362812633947894e-01,3
-8.039145554948852190e-01,2.960709424511715482e-01,1
9.571967674261523396e-01,9.513776198620486207e-03,3
-9.264480395283645198e-01,-3.370438207018875421e-01,1
4.818030126554920245e-01,1.724918340138989592e+00,2
-7.555690651324108442e-01,-5.565502851036183696e-01,1
1.777988292423382299e+00,-4.650282743951767994e-01,3
7.643163436500179930e-01,1.527890396164019726e-01,0
4.539999521519291203e-01,8.371053670250248047e-01,2
-2.026903121839609412e-01,8.808894111979681529e-01,2
-1.169363416878932860e+00,-1.559856866416912347e+00,1
-3.249422986216680131e-01,-1.701413660894211644e+00,3
1.432215181781144375e+00,1.085790825263710069e+00,2
-5.343139441943943746e-01,8.583949468992307930e-01,2
-6.774144017483831048e-02,-9.260032773365781678e-01,3
-1.442026709539518059e+00,7.077482440679725428e-01,1
7.287367231699138914e-01,3.981488343261071483e-01,0
3.340064887702121066e-01,-8.438317476577307241e-01,3
7.582325728929683040e-01,4.579107386479872588e-01,0
-3.162455224461744874e-01,-1.864461214016786439e+00,3
7.922762939648024527e-02,1.181009198419095574e+00,2
-7.248201888793939229e-01,6.128413540262612758e-01,1
-1.737682100765189475e+00,4.088232418996011752e-01,1
-7.138563770340214942e-01,5.316519290558272548e-01,1
1.353364040785111744e+00,1.351821214156565087e+00,2
-6.751246871690130824e-01,4.028766084143889370e-01,1
8.292677716741490013e-01,1.907260276548092826e-01,0
-4.345942001284438527e-01,8.196050959201883757e-01,2
-1.874999021447663505e+00,-1.388534433984387473e-01,1
-1.568637306456018621e+00,-4.746775521996860481e-01,1
-1.456249523026848791e-01,1.703631962246408005e+00,2
-8.014687619405520547e-01,-4.650455714937849483e-01,1
-1.492571481584599624e+00,-1.093472339820838357e+00,1
8.034898851402816344e-01,4.641336402462465371e-01,0
-4.640897283218445857e-01,-8.909674812521980458e-01,0
-1.817271543162635727e-01,-9.267428149042852281e-01,0
-5.920400735645690027e-01,-1.667811313546814000e+00,3
8.078404510507528613e-01,3.074276168158382450e-01,0
8.334090787891694774e-01,3.090826789811092490e-01,0
-1.427377467830583502e+00,1.044599085213932854e+00,1
-6.481537071290309759e-01,-6.184784403515359852e-01,0
-8.855096701400543349e-03,-8.510071456484532559e-01,3
-1.859324968910881060e+00,-7.067150639324779049e-02,1
-1.602833074243750655e+00,7.513875051040239672e-01,1
2.453332202701449249e-01,1.823937216922471682e+00,2
-7.517435009444700666e-02,1.901167581963500997e+00,2
5.865554918732255318e-01,4.524830913334978444e-01,0
-1.723539414494624999e+00,4.177921611531483226e-01,1
-6.189585061304849756e-01,-3.850089110314510732e-01,0
-4.230884688090611467e-01,-8.310218124695741837e-01,0
-6.310163385571407879e-01,4.635223114107884235e-01,1
-3.254347859752896310e-01,-7.818174074945666296e-01,0
5.156484683242908151e-02,7.065440596077771085e-01,2
-4.151862757213068966e-01,8.058691069730641310e-01,2
-8.845929307647584228e-01,-1.456987578368185599e+00,0
-8.680807306263098599e-01,2.100180447176643594e-01,1
5.865960828111991265e-01,-1.633695873855370184e+00,3
-1.682553895766401020e+00,5.697950115394190274e-01,1
1.284663135293304892e+00,9.646097254494488960e-01,2
-5.924647791270094555e-01,-1.629839848133904034e+00,3
1.025180971405096786e+00,1.542447769732291585e+00,2
1.810665216837862523e+00,-2.519490958091989419e-01,3
5.366205170568648652e-01,7.252142527909188896e-01,2
1.352525135661663880e+00,-1.055477323001573486e+00,3
-4.245712906812217358e-01,1.617102086273880523e+00,2
1.617924435019435503e+00,5.766861358505583901e-01,3
-2.698065557980042217e-01,7.047897389253515721e-01,2
-1.431040692459367936e+00,1.194294277448377350e+00,1
5.958725090500179844e-01,7.698419676943653034e-01,2
-2.238117013709163827e-01,-1.094318652926162594e+00,3
-1.113090662233675587e+00,-1.393904247023452836e+00,1
8.321637384162826612e-01,3.368837729406384818e-01,0
-8.648667433745442779e-01,1.535935842768309412e+00,2
7.960978516214428646e-01,5.553743722467986421e-01,0
-1.092174631120859774e+00,1.363501305661104723e+00,2
6.893756867292694102e-01,-6.004762528884430850e-01,3
-1.033548178568028941e+00,1.317954333369012021e+00,2
-2.458113899132979927e-03,9.654632713745587846e-01,2
9.633415278052963604e-01,5.117196183942459564e-01,0
