0.6361542765805974,0.23434515250746396,0.0
1.2639830705982544,0.12487062280611,0.0
0.7930387926033677,0.18216698746051835,0.0
0.9933234585525222,-0.04378327419639996,0.0
0.9385520640301368,0.2713751839239959,0.0
0.8705117110494501,0.07071660412970544,0.0
0.5837988375800627,-0.22447279320485564,0.0
1.4419838467504857,0.012489528419486681,0.0
0.675159546147148,0.1662895743467624,0.0
1.534955661617963,-0.11395986265227134,0.0
1.19486350702961,-0.06497215144288887,0.0
0.30356865242441544,0.5425413071253609,0.0
1.0284777248594372,0.27037077682107824,0.0
1.3962939243896735,0.19190570688439929,0.0
0.8987649268034715,0.0757118010148979,0.0
1.079577321349057,-0.05728033325366294,0.0
1.2311040899023824,0.41324065616566824,0.0
0.9045762683626744,0.4163627424047466,0.0
0.7006604573035324,0.18146693092589525,0.0
0.8667756334509082,0.05085396665729215,0.0
0.8426164959859094,-0.07998116854395951,0.0
1.3169929468693975,0.46529090768107495,0.0
1.1593195349283463,-0.18826238677495682,0.0
0.8540956204785506,0.36206994868193193,0.0
1.0175758073182928,0.06506216810908108,0.0
1.0348422505379187,-0.011300158341906646,0.0
0.857995657529842,0.048668087852508236,0.0
1.098072651404913,-0.016797102357386698,0.0
0.9986811501672542,-0.06697874406816876,0.0
0.9867755127761856,-0.2648197268117367,0.0
1.4813509750443772,0.7971408943771504,0.0
1.0099984190459412,0.27711835682494634,0.0
1.4352756706034624,0.33359201423016394,0.0
1.1873488764593734,0.5270969364677329,0.0
0.6197184129184686,0.05759167414545214,0.0
0.992424763228832,-0.02226161563366537,0.0
0.7623622043030446,0.40678001441489575,0.0
0.8586480285914418,0.005400112178917324,0.0
0.8216720407185115,0.11364418433242808,0.0
0.9755777504138651,-0.058451586019779816,0.0
0.9120665812012351,-0.02115580976588502,0.0
1.187253797148108,0.45370548097752333,0.0
1.0876974545904612,0.328238332194532,0.0
1.0565635941076825,0.4402182300934741,0.0
1.0195474153417037,-0.05560442417320735,0.0
0.7322302032357605,0.5569515967384051,0.0
1.2119128176108713,0.25655935617912723,0.0
1.0001648485484973,-0.32072129092180135,0.0
0.8342540425385041,-0.13813109918371577,0.0
0.7405193006919581,-0.009385019358173416,0.0
0.60488685277437,0.08756075730249123,0.0
0.7502615926495984,0.4492759425934327,0.0
1.0507342013853547,0.26071129344817423,0.0
1.103420158134605,0.4362415129272776,0.0
1.1595077187820906,-0.35350896313069397,0.0
0.8063994375361802,0.04690353921992512,0.0
0.997778918586968,0.12766452228858127,0.0
1.4173160145716863,0.15054798578543963,0.0
0.6845623761059605,0.10570952106740227,0.0
1.0518774173606054,-0.011587064923297904,0.0
1.1764092544488918,0.08018757198057491,0.0
0.7765011816780758,0.3449641881737811,0.0
0.32448060501279674,0.18175316197632596,0.0
1.1265907072061194,0.028298868701508245,0.0
0.6883267445477479,0.015187906847701632,0.0
1.277315847519026,0.46091989806247846,0.0
0.9671765734616928,0.0850025806625729,0.0
1.2400198077748403,0.011466149931850675,0.0
0.9871750822276917,-0.12722557369156356,0.0
1.1722813407731048,0.4025222568004024,0.0
0.9989902408068718,-0.10456338866006545,0.0
0.8299917534141946,0.16694601616300048,0.0
0.6768225291010247,-0.0758225484102503,0.0
1.0808449721458862,-0.37110054165944767,0.0
0.933100139512529,-0.12520511100783863,0.0
1.162373125975635,-0.2967249518659443,0.0
0.7080488537331956,0.21985055035536402,0.0
0.8004618733349537,-0.32367217796708075,0.0
1.3322460726324514,-0.06669808095819757,0.0
0.9471621434350185,-0.2240032132200921,0.0
0.7960863078080997,0.15808744094774835,0.0
1.4902848603545258,0.4366341666547351,0.0
1.2872071032140813,-0.15425826310790935,0.0
1.1474218427949892,0.5245140388544529,0.0
1.0525776246302154,0.0467211642261803,0.0
0.8936053341240865,0.199969822244007,0.0
1.0866887160398844,-0.11919754456881426,0.0
1.1387244648563533,0.4836007837934183,0.0
1.316309017161317,0.3854331817933046,0.0
1.0079451202673508,0.1466869554167436,0.0
1.3020614463903093,0.2953317540423097,0.0
1.0523702314034553,0.2528966695663771,0.0
1.1879167254616099,0.3104694450910646,0.0
0.7629434583400978,0.23860164849580626,0.0
1.1001859691353422,0.37482254891809347,0.0
0.7435313776745964,-0.032089360702929615,0.0
0.8401587619814362,-0.011401833584075274,0.0
1.3465086687878394,0.03511591036801403,0.0
0.8829717109609827,0.1521364407584846,0.0
0.7024381370767192,-0.27388980444661015,0.0
1.2293891549563085,-0.24680987997775883,0.0
0.7745556773536492,0.11434002767265028,0.0
0.5246218455686474,0.6287571381948488,0.0
0.891310939951336,0.2360905684200088,0.0
1.2590653371046516,0.04408055570423391,0.0
0.6756458345463172,0.1264161263662184,0.0
0.9648023551695071,0.2541033354263088,0.0
0.8018812831691501,-0.019222090945917508,0.0
1.1298517965830879,-0.2403458310184058,0.0
1.0811940373142588,-0.2881744751726961,0.0
1.3533902244874614,0.009922035284807937,0.0
0.775450159335631,-0.1328222395270489,0.0
0.9969234891056454,0.09150253953522901,0.0
0.6370762905394862,0.069591755137041,0.0
0.9318378117179449,0.055464272135157464,0.0
1.0023078861708525,0.21146539962953442,0.0
1.0873490806700459,0.312030786388919,0.0
0.3753076433482949,0.14938414602396327,0.0
1.249446264766173,0.12639894536692708,0.0
1.046490137874422,0.28040088545222175,0.0
1.4954444285998392,0.12234197456812476,0.0
0.6423399462597019,-0.08046151419289907,0.0
1.39020152446764,0.1294643045625779,0.0
0.8430451601050303,0.09937919697713608,0.0
1.226730248786128,0.26245039183825625,0.0
1.126901876813727,-0.49711226766415384,0.0
0.9751263130164416,0.0644456522870224,0.0
0.7120787351510767,0.3834469904322851,0.0
0.6903542867047863,0.05532522850887892,0.0
0.8275604225868172,0.12588402117093977,0.0
1.1943636740006596,0.03199698332470739,0.0
0.6508406908083478,-0.2802423191110121,0.0
0.7765801824557381,0.4731006301290386,0.0
0.837696253263726,-0.07754692178584294,0.0
0.8678172997236304,-0.31155937704237574,0.0
0.828816935859543,-0.1204886600381053,0.0
1.2646539686675389,0.07945997535728441,0.0
0.9523968873323079,0.05144924457510532,0.0
0.9385983103310521,0.03984745505153543,0.0
1.172859533352658,0.43386614108662136,0.0
1.0542279014113685,0.17519454204638635,0.0
0.7934513291577314,0.37433696401466965,0.0
1.028084115985981,0.12192906500601837,0.0
1.0802589018682138,0.1508867708115537,0.0
1.4880062494447301,-0.4410028660704356,0.0
0.8025700188128468,0.10780444685851442,0.0
0.9968269609489037,-0.1988669441036765,0.0
0.9067536753239945,0.3522932178623267,0.0
0.7667298997219234,0.1764131468543002,0.0
0.9495694958161967,0.18975654337106762,0.0
0.9252809505251199,0.3398561979509391,0.0
1.002488148967274,0.22949365485524856,0.0
1.162376146961676,0.36452466880360984,0.0
1.0060217151369932,0.06480080763399274,0.0
1.2546632751472109,0.05431906235141495,0.0
0.9771792239427596,0.017298403111360744,0.0
0.7572939122649502,-0.09128153114228191,0.0
1.247557663239273,0.08076667090306526,0.0
1.2345425847383416,0.13190818958887945,0.0
0.9615611862638691,-0.06482701692458565,0.0
0.9724872535670537,-0.10153601516226257,0.0
0.689282556759027,0.686699430517151,0.0
1.3081169231304397,-0.265150956192212,0.0
1.1939413984417,0.06999108186685718,0.0
0.7710651906519748,-0.08564581637280763,0.0
0.7441682056249239,0.0003864160155864216,0.0
0.7699200393123163,0.004282535719495134,0.0
1.0839516229775261,0.03408967184488083,0.0
1.0153925281670866,-0.20037272232082398,0.0
0.844451162221527,0.33875730687017547,0.0
0.8623801686924008,-0.09625965486565738,0.0
1.017201137250541,-0.09817788259195198,0.0
0.7614235967120239,0.2701716429120221,0.0
0.8820426585920906,0.05473484024016977,0.0
1.0758672087050978,-0.30404498312072575,0.0
0.7159020168638082,-0.0845111945673638,0.0
0.974704799867772,0.0035667520390679497,0.0
1.0149661788337134,-0.15156164924840837,0.0
0.935855841409378,0.26876290641180284,0.0
0.7597176354560176,0.13105909818221914,0.0
0.696355171091581,0.3602343534542207,0.0
1.2673423003494053,-0.10387272761847874,0.0
1.1836323696398254,0.13305902853243542,0.0
0.8981483894924331,0.08737473843226265,0.0
0.7644199166285242,0.3508714840678563,0.0
0.9562818202185629,-0.19100025324643372,0.0
0.7698427824793854,-0.2689971305020898,0.0
1.130623879028146,0.06511932855448743,0.0
1.0657516773278852,0.2200132747313579,0.0
0.8705566879083774,0.36524062893077347,0.0
1.3739666648419433,0.06943441989927597,0.0
0.8121682292701868,-0.030636242742891992,0.0
1.0373938066508237,-0.04927624742745393,0.0
0.747443983461455,0.17110542217738736,0.0
1.393847466456886,-0.24934732072986054,0.0
1.2018829006092635,0.6954331224955315,0.0
0.6614574625456711,-0.34019511352282344,0.0
0.7572909687271858,0.2899202070427666,0.0
0.8301328453386304,0.2215421828357475,0.0
0.7780661885055314,0.05926267122849455,0.0
0.9616942247652442,-0.23905502240380022,0.0
0.7132869314426583,-0.057878010085248066,0.0
0.7634511849772907,0.07221726142819376,0.0
0.8962370939230592,0.30889254069745986,0.0
0.9022332136041228,-0.09116228047418129,0.0
0.5209446035270364,0.019556554051940872,0.0
1.325321930517553,0.14398397938165916,0.0
1.036638236481548,0.3043871872392132,0.0
1.0439361879608262,-0.08433762049128579,0.0
1.0222894229143487,0.12136987829791421,0.0
0.7779406415005847,0.36731874360644723,0.0
0.8989421143555835,0.03259179869907011,0.0
0.963780515629525,0.09057610722536055,0.0
1.0692165415808979,0.2660017754988073,0.0
1.2024559029206074,-0.09516459499839278,0.0
0.5839041122546762,-0.18628174544715148,0.0
1.368742299045304,-0.15465822801467446,0.0
0.8781691586830678,-0.097659660085429,0.0
1.14004017781833,0.07202863153294196,0.0
0.988748317611472,0.14689845682796504,0.0
0.45364263676881,0.20720252511922838,0.0
0.9969266979670741,0.10553912119451586,0.0
1.1646118635991685,0.19759523646707025,0.0
0.9672015868412275,-0.04208171194621671,0.0
0.8158710553291806,-0.0009598383379705033,0.0
0.8052768045414774,0.26002456079363767,0.0
1.411332628423152,0.31276950311885354,0.0
1.0854105863145607,0.4171395971521476,0.0
0.8382115084055115,-0.041973614252017455,0.0
1.4483197678877595,-0.2938815644134574,0.0
0.5972975887872924,0.1918338012423297,0.0
1.1031635895576355,-0.03494298234456217,0.0
0.7074702206289052,-0.2958375545503805,0.0
1.1371212604046594,-0.07298987336443047,0.0
1.154060826272037,0.2860411402144966,0.0
1.002017542062903,0.01664314402041936,0.0
0.9261103293441637,0.008217011260091514,0.0
1.206671124243258,0.05858257256746592,0.0
0.9361819100890721,0.222083730768972,0.0
1.1355380709089766,-0.11498815360500925,0.0
0.9754591242049323,0.49650494233785325,0.0
1.1486014574925283,0.05934707290240937,0.0
1.1163786164023615,0.02079782370069541,0.0
1.0144181386614812,0.1658372049939822,0.0
0.7490196326897702,0.7976843985831834,0.0
1.0086208649306905,0.34532228176877944,0.0
0.8336621872210354,0.15403821506044543,0.0
0.6538311018027891,0.15895175410907958,0.0
0.8422446171970357,0.20176112583145428,0.0
0.9897281510419392,-0.13265105665244556,0.0
0.8823444716176345,0.0019333220731116152,0.0
1.0986511051322254,-0.1490094891416254,0.0
0.8244661701888072,0.1263877725678168,0.0
1.0012882187712395,-0.02455108758433834,0.0
1.1411435277906727,0.5930918065902286,0.0
0.8700266290733878,0.3803964018612171,0.0
1.4758420726113912,-0.02537163199608264,0.0
1.6023412162485609,0.2521567113015688,0.0
1.1522424247375627,0.07255579207306172,0.0
0.9354690700425113,0.16434439257986974,0.0
1.0433350747763235,0.2553062773556124,0.0
1.3090854094573237,0.07801197051131131,0.0
0.9451107658731188,-0.37335262704458394,0.0
1.2326602990388196,0.18269146389318636,0.0
0.9154971805358696,0.17689744322950007,0.0
0.9992628141223445,-0.2587977468787264,0.0
1.1711742841438908,0.18312836591391293,0.0
0.6972002533167398,-0.17130828444877405,0.0
0.6879475703731937,0.31124429385729957,0.0
0.9362319094565006,0.006440793454912719,0.0
0.9582110238209123,-0.019481153636465645,0.0
1.2871446977188912,0.10077710590382041,0.0
1.1434248076251325,0.2466004552127715,0.0
0.6192171291268078,-0.08998488912152128,0.0
1.283227555368881,-0.08738478945256134,0.0
1.2409146870005068,-0.24514865078612924,0.0
0.9725141711693218,0.20096294517486066,0.0
1.0688159932710015,0.19015627305483349,0.0
0.5957716762342322,0.42833015494338894,0.0
0.59495501649851,0.023834909868997,0.0
1.2352147820350634,0.43462276801264,0.0
0.8899474506665307,-0.026234398123047342,0.0
1.1401227956225901,-0.03471519127533587,0.0
0.8985206281665107,0.11142503977142784,0.0
1.2518072547311203,0.12481379535302432,0.0
1.380992655154575,-0.19305907992245608,0.0
0.8377444290650922,0.1345362101886136,0.0
1.0913563804838453,-0.10631091868365983,0.0
1.2054528587800433,0.22826150657000696,0.0
0.9634812969744398,-0.029362277733850473,0.0
1.0536516379115608,-0.417181804849581,0.0
1.2655021988713577,0.23963471114362397,0.0
0.5336920386970692,-0.3772729781742497,0.0
1.0313451989918478,-0.4068620209130287,0.0
0.689445800340502,-0.004178209328991753,0.0
0.8708301748265901,0.1148887266067081,0.0
0.8481295713730886,0.0761755779433972,0.0
1.0279319322672438,-0.27734421971797835,0.0
1.1943518949439713,0.013954775394420485,0.0
1.0519879361234488,0.3032865732411424,0.0
1.0657656512885887,0.2956148250578456,0.0
0.6849784082865762,0.02281779148601064,0.0
0.8740011914498205,0.18988649491162823,0.0
0.6330045749268285,0.019559952195034924,0.0
0.7245588901427732,0.03617721429871671,0.0
0.576894456521367,0.14279978664767978,0.0
0.2645311867571054,-0.04201415518652915,0.0
1.148587740563108,0.011363679846920022,0.0
0.8237796444345653,0.2699340817724174,0.0
1.5863765162662395,-0.103436195334944,0.0
0.937184951447607,0.2615413359943223,0.0
1.3609621539023717,0.16411462535981197,0.0
0.7748129784253153,-0.08391307882369997,0.0
0.9938428407033199,0.038245889906172746,0.0
0.766886417564856,0.143767375720956,0.0
0.7367411953097085,-0.22969887863001237,0.0
1.1051252913912262,0.21590953308425948,0.0
1.0563060441438943,0.38133366554207687,0.0
1.2249608573098179,-0.00660506927440313,0.0
0.6547420480844217,-0.045698072416631014,0.0
1.0439108567811004,0.5441468162943454,0.0
1.003824975871395,0.34411070530922383,0.0
1.1644644766269825,-0.1613279807973007,0.0
1.1933721674474709,0.23177021225410196,0.0
0.909647702731256,0.10764076471065695,0.0
0.7210480091110396,0.23433743707501292,0.0
0.8804150531703934,0.15044115145052267,0.0
1.057677105511872,0.258342050585871,0.0
1.0913494679187157,0.15269149159823336,0.0
1.0800050037629658,-0.014834280077483691,0.0
0.9093558588882937,0.49478653756362084,0.0
0.9834223159485366,0.06056150578789716,0.0
0.6393140733018736,0.1326335402154446,0.0
1.0707857764575164,0.1491483975261081,0.0
1.1042799738067983,-0.06766606783147427,0.0
1.237962404698579,0.10240662193858814,0.0
0.6391306283533104,0.3684778155468223,0.0
0.8152549757196906,0.023571604025245912,0.0
0.7620929316069782,0.057964450382684586,0.0
0.9422401526451755,-0.3632434008833674,0.0
0.8416045448667288,0.24545358452326085,0.0
1.2183667538750615,-0.05360245977920117,0.0
0.8244786360087136,0.10249571668198507,0.0
0.8327613447425837,0.32031184798036255,0.0
0.9408679350446504,0.09425571883303026,0.0
1.0839003486150776,0.1111698343232542,0.0
1.0491382519809715,-0.16833485340788212,0.0
1.3914903250559474,-0.0844566596729836,0.0
1.2565404792758956,0.048071900281949666,0.0
0.419540081920286,0.31451052267290436,0.0
0.8124879027915974,-0.15924657402279024,0.0
0.7151886228990021,-0.03217014390498979,0.0
-0.1126293256585206,-0.5137865260913677,1.0
-0.008775598253083938,-0.49320084435948147,1.0
-0.019588168383553317,-0.5179060243441418,1.0
0.07614463384847187,-0.6153393339760214,1.0
-0.22490645194870246,-0.3410448165289477,1.0
-0.34721782260176925,-0.7576784994734738,1.0
-0.15137288978151786,-0.7929255215472197,1.0
-0.28911511471768014,-0.6772222677654739,1.0
-0.510605676710579,-0.15979890473548963,1.0
-0.04110345097925411,-0.9068729466281111,1.0
-0.35819777110671935,-0.6664763593632134,1.0
0.11862566345118608,-0.8870292067721124,1.0
-0.15569389460001853,-0.4710983214836657,1.0
-0.23006066941362957,-0.7227003201391299,1.0
0.13886621808976451,-0.30855092961919867,1.0
0.17963475911260218,-0.5709991609242927,1.0
0.11256689254630137,-0.6364788210423266,1.0
-0.13572377965668203,-0.8553761490047296,1.0
-0.1132971344541922,-0.7173077769997895,1.0
-0.44965494548716933,-0.5391274799196077,1.0
-0.5513749412998594,-0.3241166195471815,1.0
-0.19704423635670168,-0.16991198681409597,1.0
-0.31753891890010477,-0.5166038562489671,1.0
-0.18837953369773686,-0.16004972966082331,1.0
0.03906699998115104,-0.22976714507442242,1.0
0.1069756344080311,-0.6196511549364865,1.0
0.006759563336871333,-0.3762988718192174,1.0
0.19476911278892134,-0.38073971434186804,1.0
-0.3745915051176048,-0.6985864822864896,1.0
-0.36387360019676496,-0.8168217732889729,1.0
0.09176712152302446,-0.5064956142400092,1.0
-0.4742671386361674,-0.54639992354507,1.0
0.3488153442714993,-0.42882296448954,1.0
-0.174743941923596,0.07792951108935764,1.0
-0.42740194109405605,-0.5212587015875858,1.0
-0.3764443621458659,-0.3381357942191504,1.0
-0.3392739563472873,-0.3944972097093766,1.0
-0.5285400146671482,-0.7267279892208363,1.0
-0.2710016957253401,-0.6798680064250047,1.0
-0.6055891780440181,-0.40949202814380503,1.0
-0.25891508063089375,-0.6677403230545362,1.0
-0.019740699271483086,-0.5471223263961335,1.0
-0.39005409771555755,-1.0649033554913543,1.0
-0.1347304916919379,-1.0332886407299953,1.0
-0.1237974357712027,-0.32517454494785514,1.0
-0.5832472097237495,-0.34136929192750853,1.0
-0.06121998570225379,-0.6036905502035775,1.0
0.016607267850676455,-0.12848099091066828,1.0
-0.1476664784772834,-0.5809011057838216,1.0
0.0003395210582478325,-0.57815243578734,1.0
-0.07789647457818288,-0.6649558985205137,1.0
-0.2762728625399983,-0.9615901058510357,1.0
-0.06517369429403577,-0.6943695363893558,1.0
-0.4027869081373532,-0.5631262487435668,1.0
0.16451437223399823,-0.671097635950518,1.0
-0.3626656018744874,-0.1626620446877099,1.0
-0.09561866714536969,-0.5584491470713144,1.0
0.07422012405614775,-0.40470947951864183,1.0
-0.627573715464548,-0.890163453480493,1.0
-0.18605255039657334,-0.35051268426888654,1.0
-0.314186649025543,-0.1235060908643334,1.0
0.10197547536024176,-0.27289022408179714,1.0
-0.458217904682195,-0.5495305450868513,1.0
-0.2700350726558373,-0.5378564655466178,1.0
-0.25648828432113546,-0.26720388351897506,1.0
-0.23987269850857526,-0.8000255529783149,1.0
0.039145490424585316,-0.34351033872378633,1.0
-0.29818191250070347,-0.675124966564304,1.0
-0.06305363175836098,-0.7169008469971297,1.0
-0.172744557080385,-0.647964262956324,1.0
-0.27409032312967163,-0.3805097000789037,1.0
-0.5130073679233815,-0.236208781290435,1.0
-0.22762513400319093,-0.34601803344450255,1.0
-0.5605226666663999,-1.029522131223855,1.0
-0.30312452721234984,-0.5859031952238928,1.0
-0.2942538545976005,-0.43402050822484617,1.0
0.010350487313892487,-0.2329980653287111,1.0
-0.5407843853973496,-0.2965119367921316,1.0
-0.3544767365831413,-0.21708415290538857,1.0
-0.36591822106046085,-0.7200135672279458,1.0
-0.18651423043895574,-0.30742358520775975,1.0
-0.5981409124061137,-0.4544701195604723,1.0
-0.17557896479067164,-0.8265263458918286,1.0
0.0649944215610122,-0.6503726535749563,1.0
-0.46906301793924643,-0.30501204024457174,1.0
-0.23723839779604872,-0.4888325163537111,1.0
-0.3405167104818725,-0.3748355613243289,1.0
-0.13332381596113216,-0.5430734283678161,1.0
-0.19157555449763458,-0.843401051844693,1.0
-0.05866854810127389,-0.5169515845530361,1.0
0.24126257291326575,-0.7304288396808096,1.0
-0.15371967594275696,-0.6041081500397972,1.0
-0.40598426205785815,-0.11804752094387677,1.0
-0.3016411906864431,-0.5041550082896779,1.0
-0.3980298374800092,-0.7771984918812394,1.0
-0.13462416327107987,-0.9183363949859992,1.0
-0.16566852701985393,-1.1077385353491476,1.0
-0.09825650906495126,-0.7716983840969958,1.0
-0.13977429715812179,-0.5216290938366748,1.0
-0.7190870114351138,-0.2887998646928268,1.0
0.07003229086995805,-0.8853460025777842,1.0
-0.3719739562084837,-0.07652486926165208,1.0
-0.3162968096723385,-0.948351130091706,1.0
-0.24245023751749367,-0.6076156703316746,1.0
-0.16300290990939978,-0.4969517647252959,1.0
-0.04804711243309462,-0.8403949173925349,1.0
0.060544612825165656,-0.7216263568045355,1.0
-0.11213323945098363,-0.49557862427118615,1.0
-0.12369702172644315,-0.619877904216025,1.0
-0.4093150746883376,-0.28877915084735234,1.0
-0.5200730035806266,-1.0712483428743647,1.0
-0.10416826317013902,-0.9497610724895336,1.0
-0.18910410936479416,-0.6365329081281976,1.0
-0.34170320798905063,-0.5081270570741718,1.0
-0.0858822636054686,-0.6905955256720444,1.0
-0.28301628482124996,-0.30345522121764046,1.0
-0.21054911419684366,-0.7869632753378617,1.0
-0.2928202154548766,-0.6642068202828033,1.0
-0.4204371654637486,-0.4056957815597489,1.0
-0.24450516115568824,-0.4000187988025884,1.0
-0.01879064026293334,-0.5464549739542206,1.0
-0.020135198433984258,-0.6724206286863182,1.0
-0.27112398556456185,-0.08398171933195037,1.0
-0.11637676920378905,-0.7517299802722119,1.0
-0.23009016694710813,-0.16621089898371438,1.0
-0.08998006935629171,-0.5553718641153738,1.0
-0.10189269795731816,-0.25896825226042086,1.0
-0.4061443250920173,-0.5123050363162742,1.0
-0.809474845078158,-0.7900719276651065,1.0
-0.24086627833284058,-0.43843731275998155,1.0
-0.30759732075305785,-0.0727320937734206,1.0
-0.5389420854072224,-0.6892887433583982,1.0
-0.17127758732992215,-0.6640474320592329,1.0
-0.36350242488331097,-0.30319154970128903,1.0
-0.8507695935350298,-0.710355081687801,1.0
-0.3517339822350738,-0.5119414557256663,1.0
-0.27407060799700406,-0.5014788224994393,1.0
0.12311972154912099,-0.6895133955874948,1.0
0.20146108067262625,-0.6116830013328081,1.0
-0.36711703240938875,-0.7430370974334249,1.0
-0.482998850373828,-0.4760609124765245,1.0
-0.14916418690215072,-0.42453812730070983,1.0
-0.4900797656941422,-0.19453636536569507,1.0
0.12158234693535447,-0.5935432303023361,1.0
-0.4421621242105346,-0.38508172663212614,1.0
-0.2964025314980672,-0.45528079312724373,1.0
-0.12650950221700105,-0.31068838470399807,1.0
-0.2290472531460257,-0.5796808975114712,1.0
-0.2406173240997405,-0.7997853025734779,1.0
0.09055853944414394,-0.5159435648897558,1.0
-0.03699609525505179,-0.4057138808302721,1.0
-0.31349013149638416,-0.5249695549061283,1.0
-0.5132175183378864,-0.4924189970622065,1.0
-0.06474619883546559,-0.7378670011097215,1.0
-0.777872337408297,-0.4335459884260153,1.0
-0.2206824041942566,-0.6381450967973159,1.0
-0.40715521973198954,-0.47707289656247925,1.0
-0.5422262531033427,-0.32390332982094894,1.0
-0.12097631983728105,-0.32666983092024743,1.0
-0.457492351616121,-0.6683201719687785,1.0
-0.15337780421851807,-0.8427649977367357,1.0
-0.3756721938477253,-0.4726046727328123,1.0
0.1845346728525074,-0.5776980967676154,1.0
-0.4653830215295188,-0.4754961012727981,1.0
-0.2994442180992872,-0.6799093437405272,1.0
-0.3732169787949725,-0.6090593094280071,1.0
-0.14967334301986535,-0.5366434551645788,1.0
-0.32398806327864027,-0.10050482003040562,1.0
-0.07689728672446092,-0.20695229371013052,1.0
-0.3305960879939476,-0.4252335913057157,1.0
-0.3723046979772493,-0.7181068790370304,1.0
-0.209219756538494,-0.5413364090635127,1.0
-0.3562957626516234,-0.5097521775158909,1.0
0.015508324083000319,-0.4447864125485697,1.0
-0.6037218006173584,-0.610559777884337,1.0
-0.3454526385481449,-0.5857065045332095,1.0
0.06480544405646738,-0.6443994352090521,1.0
-0.21703200764825947,-0.5962537587816705,1.0
-0.015547270647088246,-0.43684852871465707,1.0
-0.5998791195413162,-0.2881926935254453,1.0
-0.5102282622732366,-0.4790545227888368,1.0
-0.15836477067137295,-0.28805731244535027,1.0
-0.41200377994363413,-0.2522589015445837,1.0
-0.3253176606125705,-0.3885244328533701,1.0
-0.40784329107810413,-0.5968118655380895,1.0
-0.199673281849139,-0.6442495468274916,1.0
0.3057078572058992,-0.47449496351409787,1.0
-0.5100042589814071,-0.7005293797429307,1.0
-0.1261058992751201,-0.5418246993546617,1.0
-0.6765831368676092,-0.11379212756144952,1.0
0.02821838943319291,-0.9717368522136213,1.0
-0.26838745007559384,-0.3730186271692879,1.0
-0.09810988214401077,-0.5387794483009075,1.0
-0.29515048445859765,-0.4652108180098976,1.0
-0.5861856573605491,-0.5203325245330679,1.0
-0.22622179267092818,-0.3085769993120827,1.0
0.1431599640572075,-0.6964512834017149,1.0
-0.15749962885190064,-0.6020032859205184,1.0
-0.3165875278161903,-0.038671324681843755,1.0
-0.36299074774383167,-0.7393757288953297,1.0
-0.3218289480258896,-1.0398818875292921,1.0
-0.24752523187696102,-0.739055915525632,1.0
-0.01736154609257226,-0.7888612238386828,1.0
-0.24054543710260096,-0.4407312111818287,1.0
-0.5675326511202241,-0.7203237777406618,1.0
-0.6200677379724356,-0.8471938663641536,1.0
-0.17666820407378298,-0.3076136805363673,1.0
0.03014009139600049,-0.3008991569511773,1.0
0.044760277964061346,-0.8386219923258451,1.0
-0.24278093950911933,-0.4356101306112216,1.0
0.02411425386331309,-0.5669561938378214,1.0
0.00674663208301321,-0.25636212654905594,1.0
-0.31118541196833616,-0.5329427673124424,1.0
-0.4223847814759261,-0.6582721661422226,1.0
-0.05010565385331828,-0.7999152717576343,1.0
-0.2868353711840876,-0.6921232168409902,1.0
-0.2710352863132475,-0.23611212078516114,1.0
-0.13838204425445738,-0.7846964771812759,1.0
-0.3328074812767055,-0.26524715647695657,1.0
-0.1671950927382832,-0.8766296824035964,1.0
-0.11698255083582054,-0.11906164400115615,1.0
-0.03777737781999735,-0.8675509071834753,1.0
-0.11356001177103618,-0.4459794484804738,1.0
-0.160152597865376,-0.30322712047437717,1.0
-0.0025525757329661336,-0.6690330368338119,1.0
-0.04456812130025109,-0.07458250268182598,1.0
0.1398619400180814,-0.719264686821891,1.0
0.03106260790142662,-0.7834965944501098,1.0
-0.1754833725360611,-0.4909213655863314,1.0
-0.3551117463096375,-0.5709879070776941,1.0
-0.28302649595491064,-0.22617168853358,1.0
-0.3530613466635057,0.005278513849688804,1.0
-0.4355233610788711,-0.5033049213890995,1.0
-0.18406900237888377,-0.6963786527890339,1.0
0.1615494724266987,-0.23889120921873186,1.0
0.10537487754691904,-0.45069250996342125,1.0
-0.24671615573713906,-0.8822712808061569,1.0
-0.5838988619302321,-0.8744232250923527,1.0
-0.2960433300392191,-0.5309377476048124,1.0
0.23398348624420434,-0.31076928181881347,1.0
-0.4718510809798737,-0.3872148571729559,1.0
-0.2888885843523656,-0.6164032050471351,1.0
-0.23640164212250359,-0.6183678219517212,1.0
-0.5232472728546687,-0.38037917686097644,1.0
-0.3268693119726431,-0.7644541659910686,1.0
-0.00282235520745297,-0.7898390927544023,1.0
-0.17860585455362338,-0.6344473772469156,1.0
-0.31444484830176195,-0.39339563897226626,1.0
-0.1667898846186894,-0.4347178770394861,1.0
-0.024807717493074144,-0.721361667311968,1.0
-0.2613281326262639,-0.4264536077429957,1.0
0.20529717965394506,-0.725961292778884,1.0
-0.27984013355579346,-0.6583451699506162,1.0
-0.044544221706933784,-0.41128855435794703,1.0
-0.3100645228418073,-0.16423857384296836,1.0
-0.6314275828916769,-0.7118052156060138,1.0
-0.5647006073198062,-0.6975576565262002,1.0
-0.335618729004564,-0.5870367411306299,1.0
-0.16899930108401465,-0.23273510541730852,1.0
-0.04044505504828366,-0.34949435679865837,1.0
-0.10974580632934325,-0.7776046309558884,1.0
-0.4419737491318618,-0.5167240864296946,1.0
-0.33307767142748196,-0.6832218515039935,1.0
-0.4570202905918206,-0.767749909480248,1.0
-0.38819864556495026,-0.28274471071410046,1.0
-0.3293480643198831,-0.3115835579273193,1.0
-0.05433532371299382,0.0958021668417619,1.0
-0.1400895375050233,-0.4396867568680982,1.0
-0.47319962520014536,-0.860394065599936,1.0
-0.2958703775944586,-0.5134134090721968,1.0
-0.5528771031108394,-0.7998115521574222,1.0
-0.08829792904822537,-0.7423673298838389,1.0
-0.6611462068739415,-0.9677357484731198,1.0
0.11833685233779273,-0.46490384438434146,1.0
-0.11461719217070433,-0.6207324524714294,1.0
-0.11346039863242716,-0.5841610221919674,1.0
-0.1244067058484621,-1.0672169247253018,1.0
-0.3316075188342614,-0.9508088585536362,1.0
-0.17505571167009565,-0.5488952763225378,1.0
-0.2350483592353859,-0.1417549206013981,1.0
-0.002596972560575367,-0.44441759204502934,1.0
-0.17516033816944845,-0.6158946562732341,1.0
-0.3046455673134911,-0.24858136499416306,1.0
-0.3301613917187017,-0.5380551966340082,1.0
-0.26532162091023637,-0.41823923822831727,1.0
-0.256830342944825,-0.31646695511852685,1.0
-0.17144586641302068,-0.6865452366941605,1.0
-0.023918639889209975,-0.5772616478878925,1.0
-0.1288862716135462,-0.5605594988053233,1.0
-0.3456933207070834,-0.6804856361296979,1.0
-0.1469424792493219,-0.6033627866198366,1.0
-0.14248080791509843,-0.9106728794542012,1.0
-0.010376650113728847,-0.26001312567286816,1.0
-0.6941983604288275,-0.34300808390954185,1.0
0.043485797054062525,-0.44595845440505183,1.0
-0.2743897224246439,-0.2582460590314345,1.0
-0.2864783042828203,-0.6096212430315799,1.0
-0.034513984085416394,-0.3373909791049296,1.0
-0.07278575714427316,-0.6148578158664585,1.0
-0.11946001481481099,-0.822081760569298,1.0
-0.28193341509289155,-0.16635362617999927,1.0
-0.1117485083638193,-0.5175815576019441,1.0
-0.5525386252277387,-0.11733046530192404,1.0
-0.5533347400874638,-0.3399809427391311,1.0
-0.5002821013750991,-0.5759778465754402,1.0
-0.3001522188994537,-0.9186197091101784,1.0
-0.1397072306898868,-0.7480401692580189,1.0
-0.024963489774569164,-0.2210074447599047,1.0
-0.3452863513771673,-0.7111034410971073,1.0
-0.6802337644834759,-0.3396478998560124,1.0
-0.08301908023460455,-0.5988949321494494,1.0
-0.6397583930432076,-0.5282196787187279,1.0
-0.28879699294282296,-1.1377509432683506,1.0
0.11034702141987268,-0.6988687050520435,1.0
-0.1276035635649914,-0.5454175782769868,1.0
-0.1543524226392,-0.5272860076280813,1.0
-0.6234986016864259,-0.7014400023425861,1.0
-0.14974655779028753,-0.31361359975095804,1.0
-0.44062814525504757,-0.21380378699766361,1.0
-0.18141824112483967,-0.3535698551871672,1.0
-0.6101821202806931,-0.9207191597638675,1.0
-0.46830613329588294,-0.367747527150505,1.0
-0.21657310225597615,-0.47667196018515884,1.0
-0.7312805274043049,-0.8662592709632576,1.0
-0.2510020247162723,-0.5110894437949735,1.0
-0.539259132698961,-0.5399238741628011,1.0
-0.14882438150403882,-0.19662616640620084,1.0
-0.14321567857707262,-0.354251532242703,1.0
0.1723321187644733,-0.47978717752023575,1.0
-0.10837703796679607,-0.6033222026152033,1.0
-0.12392917056536261,-0.46018881913953624,1.0
-0.5501017051377055,-0.5773005352581795,1.0
-0.17738701714133864,-0.5824765896599979,1.0
-0.5476010918559202,-0.9063750916388778,1.0
-0.03614046756151684,-0.4015116285638129,1.0
-0.003093827910677721,-0.6238296148695863,1.0
-0.4638888423537638,-0.7819562016018948,1.0
-0.1606415888611269,-0.5055201470616685,1.0
-0.23608818909455023,-0.08099173406475174,1.0
-0.07741141215712274,-0.6741649805751819,1.0
-0.060580485675578916,-0.6074712534937999,1.0
0.4644916222998352,-0.33588895845715416,1.0
0.12958655882879294,-0.8086434229883744,1.0
-0.10992693810539246,-0.706372555749788,1.0
-0.458912979324299,-0.8831815364718263,1.0
-0.27210827782907226,-0.6547099035721154,1.0
-0.4390777064349395,-0.6891973778500415,1.0
0.02003277687849725,-0.6331288599654267,1.0
-0.13142601418074584,-0.7653076014622228,1.0
-0.2518184877309877,-0.6803302247055216,1.0
-0.24570038250688617,-0.5482609586649765,1.0
-0.3572280376854692,-0.3192334250327882,1.0
